./2014/10October/02/dktoscar27PCI/331-229-10022014-110854149-20141002111015.wav|864AccountNumber_864AccountNumberDTMF_864ConfirmAccountNumber_864ConfirmDOB_864GetDOB_864GetDOBDTMF_864PaymentsYesNo#PaymentMethod_864RFCHMWSE_864RFC_864Universals_864YesNoDTMF#YesNoDTMF.csv|ok|[hesitation] yes|yes|740
./2014/10October/01/dktoscar28PCI/325-46-10012014-172518407-20141001172637.wav|864AccountNumber_864AccountNumberDTMF_864ConfirmAccountNumber_864ConfirmDOB_864GetDOB_864GetDOBDTMF_864PaymentsYesNo#PaymentMethod_864RFCHMWSE_864RFC_864Universals_864YesNoDTMF#YesNoDTMF.csv|ok|[hesitation] yes|yes|810
./2014/10October/02/dktoscar27PCI/330-192-10022014-084621626-20141002084730.wav|864AccountNumber_864AccountNumberDTMF_864ConfirmAccountNumber_864ConfirmDOB_864GetDOB_864GetDOBDTMF_864PaymentsYesNo#PaymentMethod_864RFCHMWSE_864RFC_864Universals_864YesNoDTMF#YesNoDTMF.csv|ok|[hesitation] yes|yes|930
./2014/10October/04/dktoscar30PCI/325-86-10042014-123112610-20141004123256.wav|864AccountNumber_864AccountNumberDTMF_864ConfirmAccountNumber_864ConfirmDOB_864GetDOB_864GetDOBDTMF_864PaymentsYesNo#PaymentMethod_864RFCHMWSE_864RFC_864Universals_864YesNoDTMF#YesNoDTMF.csv|ok|yes|yes|940
./2014/10October/01/bshoscar36PCI/315-146-10012014-143906940-20141001144020.wav|864AccountNumber_864AccountNumberDTMF_864ConfirmAccountNumber_864ConfirmDOB_864GetDOB_864GetDOBDTMF_864PaymentsYesNo#PaymentMethod_864RFCHMWSE_864RFC_864Universals_864YesNoDTMF#YesNoDTMF.csv|ok|advisor|advisor|640
./2014/10October/01/dktoscar29PCI/330-165-10012014-105700781-20141001105820.wav|864AccountNumber_864AccountNumberDTMF_864ConfirmAccountNumber_864ConfirmDOB_864GetDOB_864GetDOBDTMF_864PaymentsYesNo#PaymentMethod_864RFCHMWSE_864RFC_864Universals_864YesNoDTMF#YesNoDTMF.csv|ok|debit card|advisor|310
./2014/10October/01/bshoscar36PCI/318-139-10012014-223041147-20141001223154.wav|864AccountNumber_864AccountNumberDTMF_864ConfirmAccountNumber_864ConfirmDOB_864GetDOB_864GetDOBDTMF_864PaymentsYesNo#PaymentMethod_864RFCHMWSE_864RFC_864Universals_864YesNoDTMF#YesNoDTMF.csv|lowconf|an advisor please|no|10
./2014/10October/06/dktoscar27PCI/325-47-10062014-144001973-20141006144123.wav|864AccountNumber_864AccountNumberDTMF_864ConfirmAccountNumber_864ConfirmDOB_864GetDOB_864GetDOBDTMF_864PaymentsYesNo#PaymentMethod_864RFCHMWSE_864RFC_864Universals_864YesNoDTMF#YesNoDTMF.csv|lowconf|[hesitation] credit|no|30
./2014/10October/02/bshoscar28PCI/313-119-10022014-173735351-20141002173911.wav|864AccountNumber_864AccountNumberDTMF_864ConfirmAccountNumber_864ConfirmDOB_864GetDOB_864GetDOBDTMF_864PaymentsYesNo#PaymentMethod_864RFCHMWSE_864RFC_864Universals_864YesNoDTMF#YesNoDTMF.csv|lowconf|shite|no|190
./2014/10October/02/bshoscar29PCI/313-90-10022014-164738571-20141002164859.wav|864AccountNumber_864AccountNumberDTMF_864ConfirmAccountNumber_864ConfirmDOB_864GetDOB_864GetDOBDTMF_864PaymentsYesNo#PaymentMethod_864RFCHMWSE_864RFC_864Universals_864YesNoDTMF#YesNoDTMF.csv|ok|no|no|750
./2014/10October/04/dktoscar23PCI/303-3-10042014-095739664-20141004095904.wav|864AccountNumber_864AccountNumberDTMF_864ConfirmAccountNumber_864ConfirmDOB_864GetDOB_864GetDOBDTMF_864PaymentsYesNo#PaymentMethod_864RFCHMWSE_864RFC_864Universals_864YesNoDTMF#YesNoDTMF.csv|ok|no|no|850
./2014/10October/02/dktoscar30PCI/326-46-10022014-160427601-20141002160543.wav|864AccountNumber_864AccountNumberDTMF_864ConfirmAccountNumber_864ConfirmDOB_864GetDOB_864GetDOBDTMF_864PaymentsYesNo#PaymentMethod_864RFCHMWSE_864RFC_864Universals_864YesNoDTMF#YesNoDTMF.csv|ok|[breath noise]|no|880
./2014/10October/01/dktoscar28PCI/326-11-10012014-081111179-20141001081230.wav|864AccountNumber_864AccountNumberDTMF_864ConfirmAccountNumber_864ConfirmDOB_864GetDOB_864GetDOBDTMF_864PaymentsYesNo#PaymentMethod_864RFCHMWSE_864RFC_864Universals_864YesNoDTMF#YesNoDTMF.csv|ok|no|no|930
./2014/10October/06/dktoscar30PCI/328-110-10062014-154957864-20141006155126.wav|864AccountNumber_864AccountNumberDTMF_864ConfirmAccountNumber_864ConfirmDOB_864GetDOB_864GetDOBDTMF_864PaymentsYesNo#PaymentMethod_864RFCHMWSE_864RFC_864Universals_864YesNoDTMF#YesNoDTMF.csv|ok|no|no|930
./2014/10October/01/bshoscar36PCI/314-151-10012014-181534821-20141001181657.wav|864AccountNumber_864AccountNumberDTMF_864ConfirmAccountNumber_864ConfirmDOB_864GetDOB_864GetDOBDTMF_864PaymentsYesNo#PaymentMethod_864RFCHMWSE_864RFC_864Universals_864YesNoDTMF#YesNoDTMF.csv|ok|no|no|950
./2014/10October/01/dktoscar29PCI/324-110-10012014-185721687-20141001185821.wav|864AccountNumber_864AccountNumberDTMF_864ConfirmAccountNumber_864ConfirmDOB_864GetDOB_864GetDOBDTMF_864PaymentsYesNo#PaymentMethod_864RFCHMWSE_864RFC_864Universals_864YesNoDTMF#YesNoDTMF.csv|ok|debit|advisor|360
./2014/10October/02/dktoscar23PCI/323-154-10022014-133837816-20141002133955.wav|864AccountNumber_864AccountNumberDTMF_864ConfirmAccountNumber_864ConfirmDOB_864GetDOB_864GetDOBDTMF_864PaymentsYesNo#PaymentMethod_864RFCHMWSE_864RFC_864Universals_864YesNoDTMF#YesNoDTMF.csv|lowconf|debit [hesitation] yes|advisor|10
./2014/10October/09/dktoscar26PCI/325-149-10092014-144050780-20141009144239.wav|864AccountNumber_864AccountNumberDTMF_864ConfirmAccountNumber_864ConfirmDOB_864GetDOB_864GetDOBDTMF_864PaymentsYesNo#PaymentMethod_864RFCHMWSE_864RFC_864Universals_864YesNoDTMF#YesNoDTMF.csv|ok|yes [side speech]|yes|700
./2014/10October/01/bshoscar36PCI/319-72-10012014-070242241-20141001070358.wav|864AccountNumber_864AccountNumberDTMF_864ConfirmAccountNumber_864ConfirmDOB_864GetDOB_864GetDOBDTMF_864PaymentsYesNo#PaymentMethod_864RFCHMWSE_864RFC_864Universals_864YesNoDTMF#YesNoDTMF.csv|ok|yes yes|yes|770
./2014/10October/02/dktoscar25PCI/300-44-10022014-202837497-20141002202957.wav|864AccountNumber_864AccountNumberDTMF_864ConfirmAccountNumber_864ConfirmDOB_864GetDOB_864GetDOBDTMF_864PaymentsYesNo#PaymentMethod_864RFCHMWSE_864RFC_864Universals_864YesNoDTMF#YesNoDTMF.csv|ok|yes [side speech]|yes|830
./2014/10October/01/dktoscar28PCI/329-184-10012014-183234862-20141001183357.wav|864AccountNumber_864AccountNumberDTMF_864ConfirmAccountNumber_864ConfirmDOB_864GetDOB_864GetDOBDTMF_864PaymentsYesNo#PaymentMethod_864RFCHMWSE_864RFC_864Universals_864YesNoDTMF#YesNoDTMF.csv|lowconf|yes|yes|240
./2014/10October/09/dktoscar26PCI/329-64-10092014-134649850-20141009134809.wav|864AccountNumber_864AccountNumberDTMF_864ConfirmAccountNumber_864ConfirmDOB_864GetDOB_864GetDOBDTMF_864PaymentsYesNo#PaymentMethod_864RFCHMWSE_864RFC_864Universals_864YesNoDTMF#YesNoDTMF.csv|ok|yes|yes|520
./2014/10October/02/dktoscar25PCI/300-209-10022014-185911776-20141002190059.wav|864AccountNumber_864AccountNumberDTMF_864ConfirmAccountNumber_864ConfirmDOB_864GetDOB_864GetDOBDTMF_864PaymentsYesNo#PaymentMethod_864RFCHMWSE_864RFC_864Universals_864YesNoDTMF#YesNoDTMF.csv|ok|yes|yes|560
./2014/10October/05/dktoscar29PCI/331-222-10052014-170943601-20141005171045.wav|864AccountNumber_864AccountNumberDTMF_864ConfirmAccountNumber_864ConfirmDOB_864GetDOB_864GetDOBDTMF_864PaymentsYesNo#PaymentMethod_864RFCHMWSE_864RFC_864Universals_864YesNoDTMF#YesNoDTMF.csv|lowconf|yes|yes|60
./2014/10October/06/dktoscar27PCI/326-119-10062014-165622676-20141006165732.wav|864AccountNumber_864AccountNumberDTMF_864ConfirmAccountNumber_864ConfirmDOB_864GetDOB_864GetDOBDTMF_864PaymentsYesNo#PaymentMethod_864RFCHMWSE_864RFC_864Universals_864YesNoDTMF#YesNoDTMF.csv|ok|yes|yes|620
./2014/10October/02/bshoscar28PCI/313-41-10022014-152852949-20141002153012.wav|864AccountNumber_864AccountNumberDTMF_864ConfirmAccountNumber_864ConfirmDOB_864GetDOB_864GetDOBDTMF_864PaymentsYesNo#PaymentMethod_864RFCHMWSE_864RFC_864Universals_864YesNoDTMF#YesNoDTMF.csv|ok|yes|yes|630
./2014/10October/01/dktoscar28PCI/331-162-10012014-185952027-20141001190123.wav|864AccountNumber_864AccountNumberDTMF_864ConfirmAccountNumber_864ConfirmDOB_864GetDOB_864GetDOBDTMF_864PaymentsYesNo#PaymentMethod_864RFCHMWSE_864RFC_864Universals_864YesNoDTMF#YesNoDTMF.csv|ok|yes|yes|710
./2014/10October/03/bshoscar23PCI/310-139-10032014-221420409-20141003221617.wav|864AccountNumber_864AccountNumberDTMF_864ConfirmAccountNumber_864ConfirmDOB_864GetDOB_864GetDOBDTMF_864PaymentsYesNo#PaymentMethod_864RFCHMWSE_864RFC_864Universals_864YesNoDTMF#YesNoDTMF.csv|ok|yes|yes|720
./2014/10October/03/bshoscar22PCI/306-160-10032014-081125923-20141003081232.wav|864AccountNumber_864AccountNumberDTMF_864ConfirmAccountNumber_864ConfirmDOB_864GetDOB_864GetDOBDTMF_864PaymentsYesNo#PaymentMethod_864RFCHMWSE_864RFC_864Universals_864YesNoDTMF#YesNoDTMF.csv|ok|yes|yes|730
./2014/10October/06/dktoscar30PCI/329-130-10062014-170757691-20141006170907.wav|864AccountNumber_864AccountNumberDTMF_864ConfirmAccountNumber_864ConfirmDOB_864GetDOB_864GetDOBDTMF_864PaymentsYesNo#PaymentMethod_864RFCHMWSE_864RFC_864Universals_864YesNoDTMF#YesNoDTMF.csv|ok|yes|yes|740
./2014/10October/03/bshoscar23PCI/311-28-10032014-123358011-20141003123514.wav|864AccountNumber_864AccountNumberDTMF_864ConfirmAccountNumber_864ConfirmDOB_864GetDOB_864GetDOBDTMF_864PaymentsYesNo#PaymentMethod_864RFCHMWSE_864RFC_864Universals_864YesNoDTMF#YesNoDTMF.csv|ok|yes|yes|770
./2014/10October/04/dktoscar24PCI/323-232-10042014-163514479-20141004163615.wav|864AccountNumber_864AccountNumberDTMF_864ConfirmAccountNumber_864ConfirmDOB_864GetDOB_864GetDOBDTMF_864PaymentsYesNo#PaymentMethod_864RFCHMWSE_864RFC_864Universals_864YesNoDTMF#YesNoDTMF.csv|ok|yes|yes|790
./2014/10October/06/dktoscar27PCI/329-189-10062014-134244994-20141006134359.wav|864AccountNumber_864AccountNumberDTMF_864ConfirmAccountNumber_864ConfirmDOB_864GetDOB_864GetDOBDTMF_864PaymentsYesNo#PaymentMethod_864RFCHMWSE_864RFC_864Universals_864YesNoDTMF#YesNoDTMF.csv|ok|yes|yes|810
./2014/10October/03/bshoscar23PCI/307-192-10032014-104821101-20141003105044.wav|864AccountNumber_864AccountNumberDTMF_864ConfirmAccountNumber_864ConfirmDOB_864GetDOB_864GetDOBDTMF_864PaymentsYesNo#PaymentMethod_864RFCHMWSE_864RFC_864Universals_864YesNoDTMF#YesNoDTMF.csv|ok|yes|yes|830
./2014/10October/02/dktoscar21PCI/302-203-10022014-083326958-20141002083508.wav|864AccountNumber_864AccountNumberDTMF_864ConfirmAccountNumber_864ConfirmDOB_864GetDOB_864GetDOBDTMF_864PaymentsYesNo#PaymentMethod_864RFCHMWSE_864RFC_864Universals_864YesNoDTMF#YesNoDTMF.csv|ok|yes|yes|840
./2014/10October/09/dktoscar27PCI/324-205-10092014-215136206-20141009215239.wav|864AccountNumber_864AccountNumberDTMF_864ConfirmAccountNumber_864ConfirmDOB_864GetDOB_864GetDOBDTMF_864PaymentsYesNo#PaymentMethod_864RFCHMWSE_864RFC_864Universals_864YesNoDTMF#YesNoDTMF.csv|ok|yes|yes|850
./2014/10October/01/bshoscar22PCI/310-203-10012014-214030504-20141001214149.wav|864AccountNumber_864AccountNumberDTMF_864ConfirmAccountNumber_864ConfirmDOB_864GetDOB_864GetDOBDTMF_864PaymentsYesNo#PaymentMethod_864RFCHMWSE_864RFC_864Universals_864YesNoDTMF#YesNoDTMF.csv|ok|yes|yes|850
./2014/10October/06/dktoscar26PCI/326-65-10062014-183558852-20141006183724.wav|864AccountNumber_864AccountNumberDTMF_864ConfirmAccountNumber_864ConfirmDOB_864GetDOB_864GetDOBDTMF_864PaymentsYesNo#PaymentMethod_864RFCHMWSE_864RFC_864Universals_864YesNoDTMF#YesNoDTMF.csv|ok|yes|yes|860
./2014/10October/02/dktoscar21PCI/300-112-10022014-100703500-20141002100819.wav|864AccountNumber_864AccountNumberDTMF_864ConfirmAccountNumber_864ConfirmDOB_864GetDOB_864GetDOBDTMF_864PaymentsYesNo#PaymentMethod_864RFCHMWSE_864RFC_864Universals_864YesNoDTMF#YesNoDTMF.csv|ok|yes|yes|860
./2014/10October/04/dktoscar25PCI/323-216-10042014-084255390-20141004084404.wav|864AccountNumber_864AccountNumberDTMF_864ConfirmAccountNumber_864ConfirmDOB_864GetDOB_864GetDOBDTMF_864PaymentsYesNo#PaymentMethod_864RFCHMWSE_864RFC_864Universals_864YesNoDTMF#YesNoDTMF.csv|ok|yes|yes|870
./2014/10October/09/dktoscar26PCI/330-207-10092014-125359609-20141009125521.wav|864AccountNumber_864AccountNumberDTMF_864ConfirmAccountNumber_864ConfirmDOB_864GetDOB_864GetDOBDTMF_864PaymentsYesNo#PaymentMethod_864RFCHMWSE_864RFC_864Universals_864YesNoDTMF#YesNoDTMF.csv|ok|yes|yes|870
./2014/10October/06/dktoscar27PCI/328-32-10062014-092539129-20141006092719.wav|864AccountNumber_864AccountNumberDTMF_864ConfirmAccountNumber_864ConfirmDOB_864GetDOB_864GetDOBDTMF_864PaymentsYesNo#PaymentMethod_864RFCHMWSE_864RFC_864Universals_864YesNoDTMF#YesNoDTMF.csv|ok|yes|yes|880
./2014/10October/02/dktoscar27PCI/326-153-10022014-142936853-20141002143039.wav|864AccountNumber_864AccountNumberDTMF_864ConfirmAccountNumber_864ConfirmDOB_864GetDOB_864GetDOBDTMF_864PaymentsYesNo#PaymentMethod_864RFCHMWSE_864RFC_864Universals_864YesNoDTMF#YesNoDTMF.csv|ok|yes|yes|880
./2014/10October/02/dktoscar23PCI/303-232-10022014-131644923-20141002131751.wav|864AccountNumber_864AccountNumberDTMF_864ConfirmAccountNumber_864ConfirmDOB_864GetDOB_864GetDOBDTMF_864PaymentsYesNo#PaymentMethod_864RFCHMWSE_864RFC_864Universals_864YesNoDTMF#YesNoDTMF.csv|ok|yes|yes|880
./2014/10October/02/bshoscar28PCI/318-170-10022014-212413056-20141002212521.wav|864AccountNumber_864AccountNumberDTMF_864ConfirmAccountNumber_864ConfirmDOB_864GetDOB_864GetDOBDTMF_864PaymentsYesNo#PaymentMethod_864RFCHMWSE_864RFC_864Universals_864YesNoDTMF#YesNoDTMF.csv|ok|yes|yes|880
./2014/10October/02/dktoscar27PCI/330-208-10022014-171730726-20141002171833.wav|864AccountNumber_864AccountNumberDTMF_864ConfirmAccountNumber_864ConfirmDOB_864GetDOB_864GetDOBDTMF_864PaymentsYesNo#PaymentMethod_864RFCHMWSE_864RFC_864Universals_864YesNoDTMF#YesNoDTMF.csv|ok|yes|yes|880
./2014/10October/01/dktoscar29PCI/326-174-10012014-132540014-20141001132726.wav|864AccountNumber_864AccountNumberDTMF_864ConfirmAccountNumber_864ConfirmDOB_864GetDOB_864GetDOBDTMF_864PaymentsYesNo#PaymentMethod_864RFCHMWSE_864RFC_864Universals_864YesNoDTMF#YesNoDTMF.csv|ok|yes|yes|890
./2014/10October/04/dktoscar23PCI/303-236-10042014-163324351-20141004163446.wav|864AccountNumber_864AccountNumberDTMF_864ConfirmAccountNumber_864ConfirmDOB_864GetDOB_864GetDOBDTMF_864PaymentsYesNo#PaymentMethod_864RFCHMWSE_864RFC_864Universals_864YesNoDTMF#YesNoDTMF.csv|ok|yes|yes|890
./2014/10October/02/bshoscar29PCI/313-191-10022014-171829442-20141002171939.wav|864AccountNumber_864AccountNumberDTMF_864ConfirmAccountNumber_864ConfirmDOB_864GetDOB_864GetDOBDTMF_864PaymentsYesNo#PaymentMethod_864RFCHMWSE_864RFC_864Universals_864YesNoDTMF#YesNoDTMF.csv|ok|yes|yes|900
./2014/10October/09/dktoscar26PCI/328-10-10092014-122302186-20141009122424.wav|864AccountNumber_864AccountNumberDTMF_864ConfirmAccountNumber_864ConfirmDOB_864GetDOB_864GetDOBDTMF_864PaymentsYesNo#PaymentMethod_864RFCHMWSE_864RFC_864Universals_864YesNoDTMF#YesNoDTMF.csv|ok|yes|yes|900
./2014/10October/04/dktoscar25PCI/322-151-10042014-121235504-20141004121355.wav|864AccountNumber_864AccountNumberDTMF_864ConfirmAccountNumber_864ConfirmDOB_864GetDOB_864GetDOBDTMF_864PaymentsYesNo#PaymentMethod_864RFCHMWSE_864RFC_864Universals_864YesNoDTMF#YesNoDTMF.csv|ok|yes|yes|910
./2014/10October/01/bshoscar36PCI/317-63-10012014-204556896-20141001204725.wav|864AccountNumber_864AccountNumberDTMF_864ConfirmAccountNumber_864ConfirmDOB_864GetDOB_864GetDOBDTMF_864PaymentsYesNo#PaymentMethod_864RFCHMWSE_864RFC_864Universals_864YesNoDTMF#YesNoDTMF.csv|ok|yes|yes|910
./2014/10October/02/dktoscar27PCI/329-232-10022014-184559517-20141002184726.wav|864AccountNumber_864AccountNumberDTMF_864ConfirmAccountNumber_864ConfirmDOB_864GetDOB_864GetDOBDTMF_864PaymentsYesNo#PaymentMethod_864RFCHMWSE_864RFC_864Universals_864YesNoDTMF#YesNoDTMF.csv|ok|yes|yes|910
./2014/10October/03/bshoscar23PCI/306-187-10032014-130313590-20141003130441.wav|864AccountNumber_864AccountNumberDTMF_864ConfirmAccountNumber_864ConfirmDOB_864GetDOB_864GetDOBDTMF_864PaymentsYesNo#PaymentMethod_864RFCHMWSE_864RFC_864Universals_864YesNoDTMF#YesNoDTMF.csv|ok|yes|yes|910
./2014/10October/02/dktoscar23PCI/300-118-10022014-121318397-20141002121521.wav|864AccountNumber_864AccountNumberDTMF_864ConfirmAccountNumber_864ConfirmDOB_864GetDOB_864GetDOBDTMF_864PaymentsYesNo#PaymentMethod_864RFCHMWSE_864RFC_864Universals_864YesNoDTMF#YesNoDTMF.csv|ok|yes|yes|910
./2014/10October/04/dktoscar27PCI/330-4-10042014-110854407-20141004111005.wav|864AccountNumber_864AccountNumberDTMF_864ConfirmAccountNumber_864ConfirmDOB_864GetDOB_864GetDOBDTMF_864PaymentsYesNo#PaymentMethod_864RFCHMWSE_864RFC_864Universals_864YesNoDTMF#YesNoDTMF.csv|ok|yes|yes|920
./2014/10October/06/dktoscar30PCI/330-179-10062014-200048123-20141006200150.wav|864AccountNumber_864AccountNumberDTMF_864ConfirmAccountNumber_864ConfirmDOB_864GetDOB_864GetDOBDTMF_864PaymentsYesNo#PaymentMethod_864RFCHMWSE_864RFC_864Universals_864YesNoDTMF#YesNoDTMF.csv|ok|yes|yes|920
./2014/10October/02/bshoscar29PCI/316-74-10022014-214851077-20141002215047.wav|864AccountNumber_864AccountNumberDTMF_864ConfirmAccountNumber_864ConfirmDOB_864GetDOB_864GetDOBDTMF_864PaymentsYesNo#PaymentMethod_864RFCHMWSE_864RFC_864Universals_864YesNoDTMF#YesNoDTMF.csv|ok|yes|yes|920
./2014/10October/04/dktoscar26PCI/325-95-10042014-124325917-20141004124428.wav|864AccountNumber_864AccountNumberDTMF_864ConfirmAccountNumber_864ConfirmDOB_864GetDOB_864GetDOBDTMF_864PaymentsYesNo#PaymentMethod_864RFCHMWSE_864RFC_864Universals_864YesNoDTMF#YesNoDTMF.csv|ok|yes|yes|920
./2014/10October/04/dktoscar26PCI/326-195-10042014-091556743-20141004091712.wav|864AccountNumber_864AccountNumberDTMF_864ConfirmAccountNumber_864ConfirmDOB_864GetDOB_864GetDOBDTMF_864PaymentsYesNo#PaymentMethod_864RFCHMWSE_864RFC_864Universals_864YesNoDTMF#YesNoDTMF.csv|ok|yes|yes|920
./2014/10October/02/dktoscar30PCI/330-208-10022014-134644968-20141002134745.wav|864AccountNumber_864AccountNumberDTMF_864ConfirmAccountNumber_864ConfirmDOB_864GetDOB_864GetDOBDTMF_864PaymentsYesNo#PaymentMethod_864RFCHMWSE_864RFC_864Universals_864YesNoDTMF#YesNoDTMF.csv|ok|yes|yes|930
./2014/10October/06/dktoscar26PCI/329-175-10062014-222314598-20141006222456.wav|864AccountNumber_864AccountNumberDTMF_864ConfirmAccountNumber_864ConfirmDOB_864GetDOB_864GetDOBDTMF_864PaymentsYesNo#PaymentMethod_864RFCHMWSE_864RFC_864Universals_864YesNoDTMF#YesNoDTMF.csv|ok|yes|yes|930
./2014/10October/02/dktoscar30PCI/330-128-10022014-122309621-20141002122426.wav|864AccountNumber_864AccountNumberDTMF_864ConfirmAccountNumber_864ConfirmDOB_864GetDOB_864GetDOBDTMF_864PaymentsYesNo#PaymentMethod_864RFCHMWSE_864RFC_864Universals_864YesNoDTMF#YesNoDTMF.csv|ok|yes|yes|930
./2014/10October/01/bshoscar23PCI/306-228-10012014-211520011-20141001211632.wav|864AccountNumber_864AccountNumberDTMF_864ConfirmAccountNumber_864ConfirmDOB_864GetDOB_864GetDOBDTMF_864PaymentsYesNo#PaymentMethod_864RFCHMWSE_864RFC_864Universals_864YesNoDTMF#YesNoDTMF.csv|ok|yes|yes|930
./2014/10October/02/dktoscar21PCI/300-195-10022014-084112131-20141002084309.wav|864AccountNumber_864AccountNumberDTMF_864ConfirmAccountNumber_864ConfirmDOB_864GetDOB_864GetDOBDTMF_864PaymentsYesNo#PaymentMethod_864RFCHMWSE_864RFC_864Universals_864YesNoDTMF#YesNoDTMF.csv|ok|yes|yes|930
./2014/10October/05/dktoscar29PCI/325-229-10052014-124547829-20141005124744.wav|864AccountNumber_864AccountNumberDTMF_864ConfirmAccountNumber_864ConfirmDOB_864GetDOB_864GetDOBDTMF_864PaymentsYesNo#PaymentMethod_864RFCHMWSE_864RFC_864Universals_864YesNoDTMF#YesNoDTMF.csv|ok|yes|yes|930
./2014/10October/02/dktoscar23PCI/303-107-10022014-105924385-20141002110041.wav|864AccountNumber_864AccountNumberDTMF_864ConfirmAccountNumber_864ConfirmDOB_864GetDOB_864GetDOBDTMF_864PaymentsYesNo#PaymentMethod_864RFCHMWSE_864RFC_864Universals_864YesNoDTMF#YesNoDTMF.csv|ok|yes|yes|930
./2014/10October/02/dktoscar30PCI/331-20-10022014-215855227-20141002220013.wav|864AccountNumber_864AccountNumberDTMF_864ConfirmAccountNumber_864ConfirmDOB_864GetDOB_864GetDOBDTMF_864PaymentsYesNo#PaymentMethod_864RFCHMWSE_864RFC_864Universals_864YesNoDTMF#YesNoDTMF.csv|ok|yes|yes|940
./2014/10October/06/dktoscar26PCI/328-93-10062014-123506119-20141006123751.wav|864AccountNumber_864AccountNumberDTMF_864ConfirmAccountNumber_864ConfirmDOB_864GetDOB_864GetDOBDTMF_864PaymentsYesNo#PaymentMethod_864RFCHMWSE_864RFC_864Universals_864YesNoDTMF#YesNoDTMF.csv|ok|yes|yes|940
./2014/10October/03/bshoscar22PCI/310-174-10032014-145240942-20141003145423.wav|864AccountNumber_864AccountNumberDTMF_864ConfirmAccountNumber_864ConfirmDOB_864GetDOB_864GetDOBDTMF_864PaymentsYesNo#PaymentMethod_864RFCHMWSE_864RFC_864Universals_864YesNoDTMF#YesNoDTMF.csv|ok|yes|yes|940
./2014/10October/06/dktoscar30PCI/330-143-10062014-210211226-20141006210333.wav|864AccountNumber_864AccountNumberDTMF_864ConfirmAccountNumber_864ConfirmDOB_864GetDOB_864GetDOBDTMF_864PaymentsYesNo#PaymentMethod_864RFCHMWSE_864RFC_864Universals_864YesNoDTMF#YesNoDTMF.csv|ok|yes|yes|940
./2014/10October/04/dktoscar24PCI/303-181-10042014-115555545-20141004115659.wav|864AccountNumber_864AccountNumberDTMF_864ConfirmAccountNumber_864ConfirmDOB_864GetDOB_864GetDOBDTMF_864PaymentsYesNo#PaymentMethod_864RFCHMWSE_864RFC_864Universals_864YesNoDTMF#YesNoDTMF.csv|ok|yes|yes|940
./2014/10October/06/dktoscar26PCI/324-131-10062014-140735703-20141006140857.wav|864AccountNumber_864AccountNumberDTMF_864ConfirmAccountNumber_864ConfirmDOB_864GetDOB_864GetDOBDTMF_864PaymentsYesNo#PaymentMethod_864RFCHMWSE_864RFC_864Universals_864YesNoDTMF#YesNoDTMF.csv|ok|yes|yes|940
./2014/10October/04/dktoscar27PCI/331-143-10042014-083106405-20141004083246.wav|864AccountNumber_864AccountNumberDTMF_864ConfirmAccountNumber_864ConfirmDOB_864GetDOB_864GetDOBDTMF_864PaymentsYesNo#PaymentMethod_864RFCHMWSE_864RFC_864Universals_864YesNoDTMF#YesNoDTMF.csv|ok|yes|yes|940
./2014/10October/01/bshoscar22PCI/308-172-10012014-202307348-20141001202427.wav|864AccountNumber_864AccountNumberDTMF_864ConfirmAccountNumber_864ConfirmDOB_864GetDOB_864GetDOBDTMF_864PaymentsYesNo#PaymentMethod_864RFCHMWSE_864RFC_864Universals_864YesNoDTMF#YesNoDTMF.csv|ok|yes|yes|940
./2014/10October/01/bshoscar23PCI/306-143-10012014-191410953-20141001191513.wav|864AccountNumber_864AccountNumberDTMF_864ConfirmAccountNumber_864ConfirmDOB_864GetDOB_864GetDOBDTMF_864PaymentsYesNo#PaymentMethod_864RFCHMWSE_864RFC_864Universals_864YesNoDTMF#YesNoDTMF.csv|ok|yes|yes|940
./2014/10October/01/dktoscar29PCI/325-52-10012014-173410265-20141001173518.wav|864AccountNumber_864AccountNumberDTMF_864ConfirmAccountNumber_864ConfirmDOB_864GetDOB_864GetDOBDTMF_864PaymentsYesNo#PaymentMethod_864RFCHMWSE_864RFC_864Universals_864YesNoDTMF#YesNoDTMF.csv|ok|yes|yes|940
./2014/10October/02/dktoscar21PCI/302-48-10022014-181926022-20141002182043.wav|864AccountNumber_864AccountNumberDTMF_864ConfirmAccountNumber_864ConfirmDOB_864GetDOB_864GetDOBDTMF_864PaymentsYesNo#PaymentMethod_864RFCHMWSE_864RFC_864Universals_864YesNoDTMF#YesNoDTMF.csv|ok|yes|yes|940
./2014/10October/03/bshoscar23PCI/310-79-10032014-090207149-20141003090329.wav|864AccountNumber_864AccountNumberDTMF_864ConfirmAccountNumber_864ConfirmDOB_864GetDOB_864GetDOBDTMF_864PaymentsYesNo#PaymentMethod_864RFCHMWSE_864RFC_864Universals_864YesNoDTMF#YesNoDTMF.csv|ok|yes|yes|940
./2014/10October/06/dktoscar26PCI/325-154-10062014-154258236-20141006154415.wav|864AccountNumber_864AccountNumberDTMF_864ConfirmAccountNumber_864ConfirmDOB_864GetDOB_864GetDOBDTMF_864PaymentsYesNo#PaymentMethod_864RFCHMWSE_864RFC_864Universals_864YesNoDTMF#YesNoDTMF.csv|ok|yes|yes|940
./2014/10October/02/bshoscar29PCI/315-6-10022014-140646611-20141002140827.wav|864AccountNumber_864AccountNumberDTMF_864ConfirmAccountNumber_864ConfirmDOB_864GetDOB_864GetDOBDTMF_864PaymentsYesNo#PaymentMethod_864RFCHMWSE_864RFC_864Universals_864YesNoDTMF#YesNoDTMF.csv|ok|yes|yes|940
./2014/10October/03/bshoscar22PCI/306-232-10032014-104641352-20141003104743.wav|864AccountNumber_864AccountNumberDTMF_864ConfirmAccountNumber_864ConfirmDOB_864GetDOB_864GetDOBDTMF_864PaymentsYesNo#PaymentMethod_864RFCHMWSE_864RFC_864Universals_864YesNoDTMF#YesNoDTMF.csv|ok|yes|yes|940
./2014/10October/01/dktoscar29PCI/328-211-10012014-094828563-20141001094955.wav|864AccountNumber_864AccountNumberDTMF_864ConfirmAccountNumber_864ConfirmDOB_864GetDOB_864GetDOBDTMF_864PaymentsYesNo#PaymentMethod_864RFCHMWSE_864RFC_864Universals_864YesNoDTMF#YesNoDTMF.csv|ok|yes|yes|940
./2014/10October/02/dktoscar25PCI/301-46-10022014-094055374-20141002094224.wav|864AccountNumber_864AccountNumberDTMF_864ConfirmAccountNumber_864ConfirmDOB_864GetDOB_864GetDOBDTMF_864PaymentsYesNo#PaymentMethod_864RFCHMWSE_864RFC_864Universals_864YesNoDTMF#YesNoDTMF.csv|ok|yes|yes|940
./2014/10October/06/dktoscar26PCI/329-135-10062014-134443565-20141006134625.wav|864AccountNumber_864AccountNumberDTMF_864ConfirmAccountNumber_864ConfirmDOB_864GetDOB_864GetDOBDTMF_864PaymentsYesNo#PaymentMethod_864RFCHMWSE_864RFC_864Universals_864YesNoDTMF#YesNoDTMF.csv|ok|yes|yes|940
./2014/10October/02/dktoscar21PCI/303-221-10022014-144559885-20141002144748.wav|864AccountNumber_864AccountNumberDTMF_864ConfirmAccountNumber_864ConfirmDOB_864GetDOB_864GetDOBDTMF_864PaymentsYesNo#PaymentMethod_864RFCHMWSE_864RFC_864Universals_864YesNoDTMF#YesNoDTMF.csv|ok|yes|yes|950
./2014/10October/03/bshoscar22PCI/306-168-10032014-111807512-20141003111924.wav|864AccountNumber_864AccountNumberDTMF_864ConfirmAccountNumber_864ConfirmDOB_864GetDOB_864GetDOBDTMF_864PaymentsYesNo#PaymentMethod_864RFCHMWSE_864RFC_864Universals_864YesNoDTMF#YesNoDTMF.csv|ok|yes|yes|950
./2014/10October/05/dktoscar29PCI/325-6-10052014-173826042-20141005174045.wav|864AccountNumber_864AccountNumberDTMF_864ConfirmAccountNumber_864ConfirmDOB_864GetDOB_864GetDOBDTMF_864PaymentsYesNo#PaymentMethod_864RFCHMWSE_864RFC_864Universals_864YesNoDTMF#YesNoDTMF.csv|ok|yes|yes|950
./2014/10October/01/bshoscar36PCI/319-179-10012014-085839493-20141001085955.wav|864AccountNumber_864AccountNumberDTMF_864ConfirmAccountNumber_864ConfirmDOB_864GetDOB_864GetDOBDTMF_864PaymentsYesNo#PaymentMethod_864RFCHMWSE_864RFC_864Universals_864YesNoDTMF#YesNoDTMF.csv|ok|yes|yes|950
./2014/10October/04/dktoscar30PCI/324-210-10042014-143102103-20141004143218.wav|864AccountNumber_864AccountNumberDTMF_864ConfirmAccountNumber_864ConfirmDOB_864GetDOB_864GetDOBDTMF_864PaymentsYesNo#PaymentMethod_864RFCHMWSE_864RFC_864Universals_864YesNoDTMF#YesNoDTMF.csv|ok|yes|yes|950
./2014/10October/02/dktoscar23PCI/320-125-10022014-092254432-20141002092415.wav|864AccountNumber_864AccountNumberDTMF_864ConfirmAccountNumber_864ConfirmDOB_864GetDOB_864GetDOBDTMF_864PaymentsYesNo#PaymentMethod_864RFCHMWSE_864RFC_864Universals_864YesNoDTMF#YesNoDTMF.csv|ok|yes|yes|950
./2014/10October/03/bshoscar23PCI/308-138-10032014-120701494-20141003120813.wav|864AccountNumber_864AccountNumberDTMF_864ConfirmAccountNumber_864ConfirmDOB_864GetDOB_864GetDOBDTMF_864PaymentsYesNo#PaymentMethod_864RFCHMWSE_864RFC_864Universals_864YesNoDTMF#YesNoDTMF.csv|ok|yes|yes|950
./2014/10October/09/dktoscar27PCI/325-65-10092014-154756647-20141009154947.wav|864AccountNumber_864AccountNumberDTMF_864ConfirmAccountNumber_864ConfirmDOB_864GetDOB_864GetDOBDTMF_864PaymentsYesNo#PaymentMethod_864RFCHMWSE_864RFC_864Universals_864YesNoDTMF#YesNoDTMF.csv|ok|yes|yes|950
./2014/10October/02/dktoscar21PCI/301-226-10022014-171651023-20141002171812.wav|864AccountNumber_864AccountNumberDTMF_864ConfirmAccountNumber_864ConfirmDOB_864GetDOB_864GetDOBDTMF_864PaymentsYesNo#PaymentMethod_864RFCHMWSE_864RFC_864Universals_864YesNoDTMF#YesNoDTMF.csv|ok|yes|yes|950
./2014/10October/03/bshoscar23PCI/304-72-10032014-161005154-20141003161123.wav|864AccountNumber_864AccountNumberDTMF_864ConfirmAccountNumber_864ConfirmDOB_864GetDOB_864GetDOBDTMF_864PaymentsYesNo#PaymentMethod_864RFCHMWSE_864RFC_864Universals_864YesNoDTMF#YesNoDTMF.csv|ok|yes|yes|950
./2014/10October/03/bshoscar23PCI/305-53-10032014-082335896-20141003082534.wav|864AccountNumber_864AccountNumberDTMF_864ConfirmAccountNumber_864ConfirmDOB_864GetDOB_864GetDOBDTMF_864PaymentsYesNo#PaymentMethod_864RFCHMWSE_864RFC_864Universals_864YesNoDTMF#YesNoDTMF.csv|ok|yes|yes|950
./2014/10October/04/dktoscar26PCI/330-1-10042014-121337945-20141004121503.wav|864AccountNumber_864AccountNumberDTMF_864ConfirmAccountNumber_864ConfirmDOB_864GetDOB_864GetDOBDTMF_864PaymentsYesNo#PaymentMethod_864RFCHMWSE_864RFC_864Universals_864YesNoDTMF#YesNoDTMF.csv|ok|yes|yes|950
./2014/10October/06/dktoscar27PCI/325-74-10062014-110401817-20141006110507.wav|864AccountNumber_864AccountNumberDTMF_864ConfirmAccountNumber_864ConfirmDOB_864GetDOB_864GetDOBDTMF_864PaymentsYesNo#PaymentMethod_864RFCHMWSE_864RFC_864Universals_864YesNoDTMF#YesNoDTMF.csv|ok|yes|yes|950
./2014/10October/06/dktoscar26PCI/325-51-10062014-123708041-20141006123820.wav|864AccountNumber_864AccountNumberDTMF_864ConfirmAccountNumber_864ConfirmDOB_864GetDOB_864GetDOBDTMF_864PaymentsYesNo#PaymentMethod_864RFCHMWSE_864RFC_864Universals_864YesNoDTMF#YesNoDTMF.csv|ok|yes|yes|950
./2014/10October/03/bshoscar23PCI/307-84-10032014-092839039-20141003092950.wav|864AccountNumber_864AccountNumberDTMF_864ConfirmAccountNumber_864ConfirmDOB_864GetDOB_864GetDOBDTMF_864PaymentsYesNo#PaymentMethod_864RFCHMWSE_864RFC_864Universals_864YesNoDTMF#YesNoDTMF.csv|ok|yes|yes|950
./2014/10October/04/dktoscar23PCI/322-38-10042014-210452973-20141004210618.wav|864AccountNumber_864AccountNumberDTMF_864ConfirmAccountNumber_864ConfirmDOB_864GetDOB_864GetDOBDTMF_864PaymentsYesNo#PaymentMethod_864RFCHMWSE_864RFC_864Universals_864YesNoDTMF#YesNoDTMF.csv|ok|yes|yes|950
./2014/10October/04/dktoscar26PCI/330-204-10042014-084632677-20141004084753.wav|864AccountNumber_864AccountNumberDTMF_864ConfirmAccountNumber_864ConfirmDOB_864GetDOB_864GetDOBDTMF_864PaymentsYesNo#PaymentMethod_864RFCHMWSE_864RFC_864Universals_864YesNoDTMF#YesNoDTMF.csv|ok|yes|yes|950
./2014/10October/09/dktoscar30PCI/331-158-10092014-073532262-20141009073649.wav|864AccountNumber_864AccountNumberDTMF_864ConfirmAccountNumber_864ConfirmDOB_864GetDOB_864GetDOBDTMF_864PaymentsYesNo#PaymentMethod_864RFCHMWSE_864RFC_864Universals_864YesNoDTMF#YesNoDTMF.csv|ok|yes|yes|950
./2014/10October/02/dktoscar27PCI/328-81-10022014-215220748-20141002215403.wav|864AccountNumber_864AccountNumberDTMF_864ConfirmAccountNumber_864ConfirmDOB_864GetDOB_864GetDOBDTMF_864PaymentsYesNo#PaymentMethod_864RFCHMWSE_864RFC_864Universals_864YesNoDTMF#YesNoDTMF.csv|ok|yes|yes|950
./2014/10October/03/bshoscar23PCI/304-205-10032014-072137975-20141003072325.wav|864AccountNumber_864AccountNumberDTMF_864ConfirmAccountNumber_864ConfirmDOB_864GetDOB_864GetDOBDTMF_864PaymentsYesNo#PaymentMethod_864RFCHMWSE_864RFC_864Universals_864YesNoDTMF#YesNoDTMF.csv|ok|yes|yes|950
./2014/10October/03/bshoscar23PCI/304-46-10032014-080048733-20141003080151.wav|864AccountNumber_864AccountNumberDTMF_864ConfirmAccountNumber_864ConfirmDOB_864GetDOB_864GetDOBDTMF_864PaymentsYesNo#PaymentMethod_864RFCHMWSE_864RFC_864Universals_864YesNoDTMF#YesNoDTMF.csv|ok|yes|yes|950
./2014/10October/04/dktoscar30PCI/330-203-10042014-104450289-20141004104556.wav|864AccountNumber_864AccountNumberDTMF_864ConfirmAccountNumber_864ConfirmDOB_864GetDOB_864GetDOBDTMF_864PaymentsYesNo#PaymentMethod_864RFCHMWSE_864RFC_864Universals_864YesNoDTMF#YesNoDTMF.csv|ok|yes|yes|950
./2014/10October/02/dktoscar25PCI/301-69-10022014-133428962-20141002133541.wav|864AccountNumber_864AccountNumberDTMF_864ConfirmAccountNumber_864ConfirmDOB_864GetDOB_864GetDOBDTMF_864PaymentsYesNo#PaymentMethod_864RFCHMWSE_864RFC_864Universals_864YesNoDTMF#YesNoDTMF.csv|ok|yes|yes|950
./2014/10October/04/dktoscar24PCI/322-190-10042014-084413046-20141004084530.wav|864AccountNumber_864AccountNumberDTMF_864ConfirmAccountNumber_864ConfirmDOB_864GetDOB_864GetDOBDTMF_864PaymentsYesNo#PaymentMethod_864RFCHMWSE_864RFC_864Universals_864YesNoDTMF#YesNoDTMF.csv|ok|yes|yes|950
./2014/10October/05/dktoscar29PCI/324-114-10052014-160950801-20141005161103.wav|864AccountNumber_864AccountNumberDTMF_864ConfirmAccountNumber_864ConfirmDOB_864GetDOB_864GetDOBDTMF_864PaymentsYesNo#PaymentMethod_864RFCHMWSE_864RFC_864Universals_864YesNoDTMF#YesNoDTMF.csv|ok|yes|yes|950
./2014/10October/02/bshoscar28PCI/317-13-10022014-125939437-20141002130054.wav|864AccountNumber_864AccountNumberDTMF_864ConfirmAccountNumber_864ConfirmDOB_864GetDOB_864GetDOBDTMF_864PaymentsYesNo#PaymentMethod_864RFCHMWSE_864RFC_864Universals_864YesNoDTMF#YesNoDTMF.csv|ok|yes|yes|960
./2014/10October/03/bshoscar22PCI/307-183-10032014-144543179-20141003144706.wav|864AccountNumber_864AccountNumberDTMF_864ConfirmAccountNumber_864ConfirmDOB_864GetDOB_864GetDOBDTMF_864PaymentsYesNo#PaymentMethod_864RFCHMWSE_864RFC_864Universals_864YesNoDTMF#YesNoDTMF.csv|ok|yes|yes|960
./2014/10October/01/dktoscar28PCI/328-225-10012014-094508849-20141001094717.wav|864AccountNumber_864AccountNumberDTMF_864ConfirmAccountNumber_864ConfirmDOB_864GetDOB_864GetDOBDTMF_864PaymentsYesNo#PaymentMethod_864RFCHMWSE_864RFC_864Universals_864YesNoDTMF#YesNoDTMF.csv|ok|yes|yes|960
./2014/10October/02/dktoscar23PCI/321-166-10022014-100017696-20141002100127.wav|864AccountNumber_864AccountNumberDTMF_864ConfirmAccountNumber_864ConfirmDOB_864GetDOB_864GetDOBDTMF_864PaymentsYesNo#PaymentMethod_864RFCHMWSE_864RFC_864Universals_864YesNoDTMF#YesNoDTMF.csv|ok|yes|yes|960
./2014/10October/03/bshoscar22PCI/304-189-10032014-134657976-20141003134811.wav|864AccountNumber_864AccountNumberDTMF_864ConfirmAccountNumber_864ConfirmDOB_864GetDOB_864GetDOBDTMF_864PaymentsYesNo#PaymentMethod_864RFCHMWSE_864RFC_864Universals_864YesNoDTMF#YesNoDTMF.csv|ok|yes|yes|960
./2014/10October/01/dktoscar28PCI/328-39-10012014-144940081-20141001145115.wav|864AccountNumber_864AccountNumberDTMF_864ConfirmAccountNumber_864ConfirmDOB_864GetDOB_864GetDOBDTMF_864PaymentsYesNo#PaymentMethod_864RFCHMWSE_864RFC_864Universals_864YesNoDTMF#YesNoDTMF.csv|ok|yes|yes|960
./2014/10October/02/dktoscar27PCI/329-4-10022014-085852824-20141002090114.wav|864AccountNumber_864AccountNumberDTMF_864ConfirmAccountNumber_864ConfirmDOB_864GetDOB_864GetDOBDTMF_864PaymentsYesNo#PaymentMethod_864RFCHMWSE_864RFC_864Universals_864YesNoDTMF#YesNoDTMF.csv|ok|yes|yes|960
./2014/10October/02/dktoscar30PCI/331-112-10022014-160728014-20141002160848.wav|864AccountNumber_864AccountNumberDTMF_864ConfirmAccountNumber_864ConfirmDOB_864GetDOB_864GetDOBDTMF_864PaymentsYesNo#PaymentMethod_864RFCHMWSE_864RFC_864Universals_864YesNoDTMF#YesNoDTMF.csv|ok|yes|yes|960
./2014/10October/03/bshoscar23PCI/305-14-10032014-130937152-20141003131129.wav|864AccountNumber_864AccountNumberDTMF_864ConfirmAccountNumber_864ConfirmDOB_864GetDOB_864GetDOBDTMF_864PaymentsYesNo#PaymentMethod_864RFCHMWSE_864RFC_864Universals_864YesNoDTMF#YesNoDTMF.csv|ok|yes|yes|960
./2014/10October/04/dktoscar30PCI/331-153-10042014-113929194-20141004114043.wav|864AccountNumber_864AccountNumberDTMF_864ConfirmAccountNumber_864ConfirmDOB_864GetDOB_864GetDOBDTMF_864PaymentsYesNo#PaymentMethod_864RFCHMWSE_864RFC_864Universals_864YesNoDTMF#YesNoDTMF.csv|ok|yes|yes|960
./2014/10October/02/bshoscar28PCI/315-236-10022014-120836900-20141002120935.wav|864AccountNumber_864AccountNumberDTMF_864ConfirmAccountNumber_864ConfirmDOB_864GetDOB_864GetDOBDTMF_864PaymentsYesNo#PaymentMethod_864RFCHMWSE_864RFC_864Universals_864YesNoDTMF#YesNoDTMF.csv|ok|yes|yes|960
./2014/10October/03/bshoscar22PCI/308-136-10032014-104015768-20141003104201.wav|864AccountNumber_864AccountNumberDTMF_864ConfirmAccountNumber_864ConfirmDOB_864GetDOB_864GetDOBDTMF_864PaymentsYesNo#PaymentMethod_864RFCHMWSE_864RFC_864Universals_864YesNoDTMF#YesNoDTMF.csv|ok|yes|yes|960
./2014/10October/03/bshoscar22PCI/309-178-10032014-142913952-20141003143058.wav|864AccountNumber_864AccountNumberDTMF_864ConfirmAccountNumber_864ConfirmDOB_864GetDOB_864GetDOBDTMF_864PaymentsYesNo#PaymentMethod_864RFCHMWSE_864RFC_864Universals_864YesNoDTMF#YesNoDTMF.csv|ok|yes|yes|960
./2014/10October/06/dktoscar27PCI/329-84-10062014-160717969-20141006160828.wav|864AccountNumber_864AccountNumberDTMF_864ConfirmAccountNumber_864ConfirmDOB_864GetDOB_864GetDOBDTMF_864PaymentsYesNo#PaymentMethod_864RFCHMWSE_864RFC_864Universals_864YesNoDTMF#YesNoDTMF.csv|ok|yes|yes|960
./2014/10October/09/dktoscar30PCI/326-161-10092014-133027398-20141009133212.wav|864AccountNumber_864AccountNumberDTMF_864ConfirmAccountNumber_864ConfirmDOB_864GetDOB_864GetDOBDTMF_864PaymentsYesNo#PaymentMethod_864RFCHMWSE_864RFC_864Universals_864YesNoDTMF#YesNoDTMF.csv|ok|yes|yes|960
./2014/10October/01/bshoscar22PCI/311-171-10012014-191707428-20141001191826.wav|864AccountNumber_864AccountNumberDTMF_864ConfirmAccountNumber_864ConfirmDOB_864GetDOB_864GetDOBDTMF_864PaymentsYesNo#PaymentMethod_864RFCHMWSE_864RFC_864Universals_864YesNoDTMF#YesNoDTMF.csv|ok|yes|yes|960
./2014/10October/01/bshoscar36PCI/313-47-10012014-093912431-20141001094018.wav|864AccountNumber_864AccountNumberDTMF_864ConfirmAccountNumber_864ConfirmDOB_864GetDOB_864GetDOBDTMF_864PaymentsYesNo#PaymentMethod_864RFCHMWSE_864RFC_864Universals_864YesNoDTMF#YesNoDTMF.csv|ok|yes|yes|960
./2014/10October/02/dktoscar30PCI/331-129-10022014-095851665-20141002095959.wav|864AccountNumber_864AccountNumberDTMF_864ConfirmAccountNumber_864ConfirmDOB_864GetDOB_864GetDOBDTMF_864PaymentsYesNo#PaymentMethod_864RFCHMWSE_864RFC_864Universals_864YesNoDTMF#YesNoDTMF.csv|ok|yes|yes|960
./2014/10October/03/bshoscar23PCI/308-149-10032014-093539772-20141003093644.wav|864AccountNumber_864AccountNumberDTMF_864ConfirmAccountNumber_864ConfirmDOB_864GetDOB_864GetDOBDTMF_864PaymentsYesNo#PaymentMethod_864RFCHMWSE_864RFC_864Universals_864YesNoDTMF#YesNoDTMF.csv|ok|yes|yes|960
./2014/10October/06/dktoscar26PCI/324-223-10062014-085339831-20141006085444.wav|864AccountNumber_864AccountNumberDTMF_864ConfirmAccountNumber_864ConfirmDOB_864GetDOB_864GetDOBDTMF_864PaymentsYesNo#PaymentMethod_864RFCHMWSE_864RFC_864Universals_864YesNoDTMF#YesNoDTMF.csv|ok|yes|yes|960
./2014/10October/06/dktoscar26PCI/331-179-10062014-102530597-20141006102719.wav|864AccountNumber_864AccountNumberDTMF_864ConfirmAccountNumber_864ConfirmDOB_864GetDOB_864GetDOBDTMF_864PaymentsYesNo#PaymentMethod_864RFCHMWSE_864RFC_864Universals_864YesNoDTMF#YesNoDTMF.csv|ok|yes|yes|960
./2014/10October/02/dktoscar21PCI/300-28-10022014-113313521-20141002113442.wav|864AccountNumber_864AccountNumberDTMF_864ConfirmAccountNumber_864ConfirmDOB_864GetDOB_864GetDOBDTMF_864PaymentsYesNo#PaymentMethod_864RFCHMWSE_864RFC_864Universals_864YesNoDTMF#YesNoDTMF.csv|ok|yes|yes|960
./2014/10October/02/dktoscar25PCI/323-6-10022014-091945274-20141002092132.wav|864AccountNumber_864AccountNumberDTMF_864ConfirmAccountNumber_864ConfirmDOB_864GetDOB_864GetDOBDTMF_864PaymentsYesNo#PaymentMethod_864RFCHMWSE_864RFC_864Universals_864YesNoDTMF#YesNoDTMF.csv|ok|yes|yes|960
./2014/10October/04/dktoscar30PCI/325-95-10042014-182928890-20141004183109.wav|864AccountNumber_864AccountNumberDTMF_864ConfirmAccountNumber_864ConfirmDOB_864GetDOB_864GetDOBDTMF_864PaymentsYesNo#PaymentMethod_864RFCHMWSE_864RFC_864Universals_864YesNoDTMF#YesNoDTMF.csv|ok|yes|yes|960
./2014/10October/05/dktoscar29PCI/325-167-10052014-141039518-20141005141211.wav|864AccountNumber_864AccountNumberDTMF_864ConfirmAccountNumber_864ConfirmDOB_864GetDOB_864GetDOBDTMF_864PaymentsYesNo#PaymentMethod_864RFCHMWSE_864RFC_864Universals_864YesNoDTMF#YesNoDTMF.csv|ok|yes|yes|960
./2014/10October/09/dktoscar27PCI/324-55-10092014-172716586-20141009172815.wav|864AccountNumber_864AccountNumberDTMF_864ConfirmAccountNumber_864ConfirmDOB_864GetDOB_864GetDOBDTMF_864PaymentsYesNo#PaymentMethod_864RFCHMWSE_864RFC_864Universals_864YesNoDTMF#YesNoDTMF.csv|ok|yes|yes|960
./2014/10October/01/bshoscar23PCI/306-52-10012014-175100208-20141001175205.wav|864AccountNumber_864AccountNumberDTMF_864ConfirmAccountNumber_864ConfirmDOB_864GetDOB_864GetDOBDTMF_864PaymentsYesNo#PaymentMethod_864RFCHMWSE_864RFC_864Universals_864YesNoDTMF#YesNoDTMF.csv|ok|yes|yes|960
./2014/10October/02/bshoscar28PCI/316-240-10022014-143716286-20141002143832.wav|864AccountNumber_864AccountNumberDTMF_864ConfirmAccountNumber_864ConfirmDOB_864GetDOB_864GetDOBDTMF_864PaymentsYesNo#PaymentMethod_864RFCHMWSE_864RFC_864Universals_864YesNoDTMF#YesNoDTMF.csv|ok|yes|yes|960
./2014/10October/02/bshoscar29PCI/319-167-10022014-102600093-20141002102739.wav|864AccountNumber_864AccountNumberDTMF_864ConfirmAccountNumber_864ConfirmDOB_864GetDOB_864GetDOBDTMF_864PaymentsYesNo#PaymentMethod_864RFCHMWSE_864RFC_864Universals_864YesNoDTMF#YesNoDTMF.csv|ok|yes|yes|960
./2014/10October/02/dktoscar21PCI/300-197-10022014-174056806-20141002174212.wav|864AccountNumber_864AccountNumberDTMF_864ConfirmAccountNumber_864ConfirmDOB_864GetDOB_864GetDOBDTMF_864PaymentsYesNo#PaymentMethod_864RFCHMWSE_864RFC_864Universals_864YesNoDTMF#YesNoDTMF.csv|ok|yes|yes|960
./2014/10October/02/dktoscar25PCI/320-103-10022014-091334449-20141002091453.wav|864AccountNumber_864AccountNumberDTMF_864ConfirmAccountNumber_864ConfirmDOB_864GetDOB_864GetDOBDTMF_864PaymentsYesNo#PaymentMethod_864RFCHMWSE_864RFC_864Universals_864YesNoDTMF#YesNoDTMF.csv|ok|yes|yes|960
./2014/10October/06/dktoscar27PCI/331-103-10062014-121339597-20141006121441.wav|864AccountNumber_864AccountNumberDTMF_864ConfirmAccountNumber_864ConfirmDOB_864GetDOB_864GetDOBDTMF_864PaymentsYesNo#PaymentMethod_864RFCHMWSE_864RFC_864Universals_864YesNoDTMF#YesNoDTMF.csv|ok|yes|yes|960
./2014/10October/01/bshoscar22PCI/306-68-10012014-222544837-20141001222704.wav|864AccountNumber_864AccountNumberDTMF_864ConfirmAccountNumber_864ConfirmDOB_864GetDOB_864GetDOBDTMF_864PaymentsYesNo#PaymentMethod_864RFCHMWSE_864RFC_864Universals_864YesNoDTMF#YesNoDTMF.csv|ok|yes|yes|960
./2014/10October/01/dktoscar28PCI/324-204-10012014-120159208-20141001120318.wav|864AccountNumber_864AccountNumberDTMF_864ConfirmAccountNumber_864ConfirmDOB_864GetDOB_864GetDOBDTMF_864PaymentsYesNo#PaymentMethod_864RFCHMWSE_864RFC_864Universals_864YesNoDTMF#YesNoDTMF.csv|ok|yes|yes|960
./2014/10October/02/dktoscar27PCI/325-118-10022014-205723621-20141002205902.wav|864AccountNumber_864AccountNumberDTMF_864ConfirmAccountNumber_864ConfirmDOB_864GetDOB_864GetDOBDTMF_864PaymentsYesNo#PaymentMethod_864RFCHMWSE_864RFC_864Universals_864YesNoDTMF#YesNoDTMF.csv|ok|yes|yes|960
./2014/10October/02/dktoscar30PCI/328-102-10022014-100832480-20141002100934.wav|864AccountNumber_864AccountNumberDTMF_864ConfirmAccountNumber_864ConfirmDOB_864GetDOB_864GetDOBDTMF_864PaymentsYesNo#PaymentMethod_864RFCHMWSE_864RFC_864Universals_864YesNoDTMF#YesNoDTMF.csv|ok|yes|yes|960
./2014/10October/01/bshoscar22PCI/311-226-10012014-142416489-20141001142557.wav|864AccountNumber_864AccountNumberDTMF_864ConfirmAccountNumber_864ConfirmDOB_864GetDOB_864GetDOBDTMF_864PaymentsYesNo#PaymentMethod_864RFCHMWSE_864RFC_864Universals_864YesNoDTMF#YesNoDTMF.csv|ok|yes|yes|960
./2014/10October/02/bshoscar28PCI/318-106-10022014-163222965-20141002163342.wav|864AccountNumber_864AccountNumberDTMF_864ConfirmAccountNumber_864ConfirmDOB_864GetDOB_864GetDOBDTMF_864PaymentsYesNo#PaymentMethod_864RFCHMWSE_864RFC_864Universals_864YesNoDTMF#YesNoDTMF.csv|ok|yes|yes|960
./2014/10October/04/dktoscar25PCI/300-21-10042014-080629078-20141004080810.wav|864AccountNumber_864AccountNumberDTMF_864ConfirmAccountNumber_864ConfirmDOB_864GetDOB_864GetDOBDTMF_864PaymentsYesNo#PaymentMethod_864RFCHMWSE_864RFC_864Universals_864YesNoDTMF#YesNoDTMF.csv|ok|yes|yes|960
./2014/10October/04/dktoscar26PCI/328-48-10042014-150434371-20141004150550.wav|864AccountNumber_864AccountNumberDTMF_864ConfirmAccountNumber_864ConfirmDOB_864GetDOB_864GetDOBDTMF_864PaymentsYesNo#PaymentMethod_864RFCHMWSE_864RFC_864Universals_864YesNoDTMF#YesNoDTMF.csv|ok|yes|yes|960
./2014/10October/06/dktoscar27PCI/329-97-10062014-151302429-20141006151437.wav|864AccountNumber_864AccountNumberDTMF_864ConfirmAccountNumber_864ConfirmDOB_864GetDOB_864GetDOBDTMF_864PaymentsYesNo#PaymentMethod_864RFCHMWSE_864RFC_864Universals_864YesNoDTMF#YesNoDTMF.csv|ok|yes|yes|960
./2014/10October/09/dktoscar27PCI/329-86-10092014-180709223-20141009180831.wav|864AccountNumber_864AccountNumberDTMF_864ConfirmAccountNumber_864ConfirmDOB_864GetDOB_864GetDOBDTMF_864PaymentsYesNo#PaymentMethod_864RFCHMWSE_864RFC_864Universals_864YesNoDTMF#YesNoDTMF.csv|ok|yes|yes|960
./2014/10October/01/bshoscar23PCI/304-32-10012014-193207276-20141001193325.wav|864AccountNumber_864AccountNumberDTMF_864ConfirmAccountNumber_864ConfirmDOB_864GetDOB_864GetDOBDTMF_864PaymentsYesNo#PaymentMethod_864RFCHMWSE_864RFC_864Universals_864YesNoDTMF#YesNoDTMF.csv|ok|yes|yes|960
./2014/10October/01/bshoscar36PCI/318-109-10012014-112920789-20141001113035.wav|864AccountNumber_864AccountNumberDTMF_864ConfirmAccountNumber_864ConfirmDOB_864GetDOB_864GetDOBDTMF_864PaymentsYesNo#PaymentMethod_864RFCHMWSE_864RFC_864Universals_864YesNoDTMF#YesNoDTMF.csv|ok|yes|yes|960
./2014/10October/03/bshoscar22PCI/304-230-10032014-173043280-20141003173213.wav|864AccountNumber_864AccountNumberDTMF_864ConfirmAccountNumber_864ConfirmDOB_864GetDOB_864GetDOBDTMF_864PaymentsYesNo#PaymentMethod_864RFCHMWSE_864RFC_864Universals_864YesNoDTMF#YesNoDTMF.csv|ok|yes|yes|960
./2014/10October/04/dktoscar25PCI/322-170-10042014-221012538-20141004221159.wav|864AccountNumber_864AccountNumberDTMF_864ConfirmAccountNumber_864ConfirmDOB_864GetDOB_864GetDOBDTMF_864PaymentsYesNo#PaymentMethod_864RFCHMWSE_864RFC_864Universals_864YesNoDTMF#YesNoDTMF.csv|ok|yes|yes|960
./2014/10October/06/dktoscar26PCI/325-9-10062014-174956498-20141006175109.wav|864AccountNumber_864AccountNumberDTMF_864ConfirmAccountNumber_864ConfirmDOB_864GetDOB_864GetDOBDTMF_864PaymentsYesNo#PaymentMethod_864RFCHMWSE_864RFC_864Universals_864YesNoDTMF#YesNoDTMF.csv|ok|yes|yes|960
./2014/10October/02/bshoscar29PCI/317-127-10022014-170516585-20141002170631.wav|864AccountNumber_864AccountNumberDTMF_864ConfirmAccountNumber_864ConfirmDOB_864GetDOB_864GetDOBDTMF_864PaymentsYesNo#PaymentMethod_864RFCHMWSE_864RFC_864Universals_864YesNoDTMF#YesNoDTMF.csv|ok|yes|yes|970
./2014/10October/02/bshoscar29PCI/317-73-10022014-200855251-20141002201019.wav|864AccountNumber_864AccountNumberDTMF_864ConfirmAccountNumber_864ConfirmDOB_864GetDOB_864GetDOBDTMF_864PaymentsYesNo#PaymentMethod_864RFCHMWSE_864RFC_864Universals_864YesNoDTMF#YesNoDTMF.csv|ok|yes|yes|970
./2014/10October/02/dktoscar30PCI/324-193-10022014-160518640-20141002160702.wav|864AccountNumber_864AccountNumberDTMF_864ConfirmAccountNumber_864ConfirmDOB_864GetDOB_864GetDOBDTMF_864PaymentsYesNo#PaymentMethod_864RFCHMWSE_864RFC_864Universals_864YesNoDTMF#YesNoDTMF.csv|ok|yes|yes|970
./2014/10October/04/dktoscar24PCI/301-222-10042014-165212294-20141004165321.wav|864AccountNumber_864AccountNumberDTMF_864ConfirmAccountNumber_864ConfirmDOB_864GetDOB_864GetDOBDTMF_864PaymentsYesNo#PaymentMethod_864RFCHMWSE_864RFC_864Universals_864YesNoDTMF#YesNoDTMF.csv|ok|yes|yes|970
./2014/10October/04/dktoscar30PCI/325-93-10042014-124324578-20141004124502.wav|864AccountNumber_864AccountNumberDTMF_864ConfirmAccountNumber_864ConfirmDOB_864GetDOB_864GetDOBDTMF_864PaymentsYesNo#PaymentMethod_864RFCHMWSE_864RFC_864Universals_864YesNoDTMF#YesNoDTMF.csv|ok|yes|yes|970
./2014/10October/05/dktoscar29PCI/329-160-10052014-101609551-20141005101717.wav|864AccountNumber_864AccountNumberDTMF_864ConfirmAccountNumber_864ConfirmDOB_864GetDOB_864GetDOBDTMF_864PaymentsYesNo#PaymentMethod_864RFCHMWSE_864RFC_864Universals_864YesNoDTMF#YesNoDTMF.csv|ok|yes|yes|970
./2014/10October/06/dktoscar27PCI/324-105-10062014-110809129-20141006110953.wav|864AccountNumber_864AccountNumberDTMF_864ConfirmAccountNumber_864ConfirmDOB_864GetDOB_864GetDOBDTMF_864PaymentsYesNo#PaymentMethod_864RFCHMWSE_864RFC_864Universals_864YesNoDTMF#YesNoDTMF.csv|ok|yes|yes|970
./2014/10October/01/bshoscar23PCI/310-153-10012014-141155590-20141001141317.wav|864AccountNumber_864AccountNumberDTMF_864ConfirmAccountNumber_864ConfirmDOB_864GetDOB_864GetDOBDTMF_864PaymentsYesNo#PaymentMethod_864RFCHMWSE_864RFC_864Universals_864YesNoDTMF#YesNoDTMF.csv|ok|yes|yes|970
./2014/10October/01/bshoscar36PCI/317-79-10012014-170047056-20141001170159.wav|864AccountNumber_864AccountNumberDTMF_864ConfirmAccountNumber_864ConfirmDOB_864GetDOB_864GetDOBDTMF_864PaymentsYesNo#PaymentMethod_864RFCHMWSE_864RFC_864Universals_864YesNoDTMF#YesNoDTMF.csv|ok|yes|yes|970
./2014/10October/02/bshoscar28PCI/314-182-10022014-204337396-20141002204455.wav|864AccountNumber_864AccountNumberDTMF_864ConfirmAccountNumber_864ConfirmDOB_864GetDOB_864GetDOBDTMF_864PaymentsYesNo#PaymentMethod_864RFCHMWSE_864RFC_864Universals_864YesNoDTMF#YesNoDTMF.csv|ok|yes|yes|970
./2014/10October/02/dktoscar21PCI/303-15-10022014-123911908-20141002124026.wav|864AccountNumber_864AccountNumberDTMF_864ConfirmAccountNumber_864ConfirmDOB_864GetDOB_864GetDOBDTMF_864PaymentsYesNo#PaymentMethod_864RFCHMWSE_864RFC_864Universals_864YesNoDTMF#YesNoDTMF.csv|ok|yes|yes|970
./2014/10October/06/dktoscar30PCI/329-111-10062014-092344761-20141006092514.wav|864AccountNumber_864AccountNumberDTMF_864ConfirmAccountNumber_864ConfirmDOB_864GetDOB_864GetDOBDTMF_864PaymentsYesNo#PaymentMethod_864RFCHMWSE_864RFC_864Universals_864YesNoDTMF#YesNoDTMF.csv|ok|yes|yes|970
./2014/10October/01/bshoscar23PCI/306-144-10012014-135842237-20141001135950.wav|864AccountNumber_864AccountNumberDTMF_864ConfirmAccountNumber_864ConfirmDOB_864GetDOB_864GetDOBDTMF_864PaymentsYesNo#PaymentMethod_864RFCHMWSE_864RFC_864Universals_864YesNoDTMF#YesNoDTMF.csv|ok|yes|yes|970
./2014/10October/01/dktoscar29PCI/326-140-10012014-194904292-20141001195005.wav|864AccountNumber_864AccountNumberDTMF_864ConfirmAccountNumber_864ConfirmDOB_864GetDOB_864GetDOBDTMF_864PaymentsYesNo#PaymentMethod_864RFCHMWSE_864RFC_864Universals_864YesNoDTMF#YesNoDTMF.csv|ok|yes|yes|970
./2014/10October/03/bshoscar22PCI/307-136-10032014-093425189-20141003093541.wav|864AccountNumber_864AccountNumberDTMF_864ConfirmAccountNumber_864ConfirmDOB_864GetDOB_864GetDOBDTMF_864PaymentsYesNo#PaymentMethod_864RFCHMWSE_864RFC_864Universals_864YesNoDTMF#YesNoDTMF.csv|ok|yes|yes|970
./2014/10October/06/dktoscar30PCI/329-69-10062014-134232845-20141006134350.wav|864AccountNumber_864AccountNumberDTMF_864ConfirmAccountNumber_864ConfirmDOB_864GetDOB_864GetDOBDTMF_864PaymentsYesNo#PaymentMethod_864RFCHMWSE_864RFC_864Universals_864YesNoDTMF#YesNoDTMF.csv|ok|yes|yes|970
./2014/10October/01/dktoscar29PCI/324-81-10012014-113751143-20141001113905.wav|864AccountNumber_864AccountNumberDTMF_864ConfirmAccountNumber_864ConfirmDOB_864GetDOB_864GetDOBDTMF_864PaymentsYesNo#PaymentMethod_864RFCHMWSE_864RFC_864Universals_864YesNoDTMF#YesNoDTMF.csv|ok|yes|yes|970
./2014/10October/03/bshoscar23PCI/306-11-10032014-100141263-20141003100242.wav|864AccountNumber_864AccountNumberDTMF_864ConfirmAccountNumber_864ConfirmDOB_864GetDOB_864GetDOBDTMF_864PaymentsYesNo#PaymentMethod_864RFCHMWSE_864RFC_864Universals_864YesNoDTMF#YesNoDTMF.csv|ok|yes|yes|970
./2014/10October/04/dktoscar23PCI/323-219-10042014-102251827-20141004102428.wav|864AccountNumber_864AccountNumberDTMF_864ConfirmAccountNumber_864ConfirmDOB_864GetDOB_864GetDOBDTMF_864PaymentsYesNo#PaymentMethod_864RFCHMWSE_864RFC_864Universals_864YesNoDTMF#YesNoDTMF.csv|ok|yes|yes|970
./2014/10October/06/dktoscar27PCI/326-194-10062014-112802956-20141006112945.wav|864AccountNumber_864AccountNumberDTMF_864ConfirmAccountNumber_864ConfirmDOB_864GetDOB_864GetDOBDTMF_864PaymentsYesNo#PaymentMethod_864RFCHMWSE_864RFC_864Universals_864YesNoDTMF#YesNoDTMF.csv|ok|yes|yes|970
./2014/10October/09/dktoscar27PCI/324-30-10092014-132731918-20141009132926.wav|864AccountNumber_864AccountNumberDTMF_864ConfirmAccountNumber_864ConfirmDOB_864GetDOB_864GetDOBDTMF_864PaymentsYesNo#PaymentMethod_864RFCHMWSE_864RFC_864Universals_864YesNoDTMF#YesNoDTMF.csv|ok|yes|yes|970
./2014/10October/01/bshoscar22PCI/309-175-10012014-183054655-20141001183202.wav|864AccountNumber_864AccountNumberDTMF_864ConfirmAccountNumber_864ConfirmDOB_864GetDOB_864GetDOBDTMF_864PaymentsYesNo#PaymentMethod_864RFCHMWSE_864RFC_864Universals_864YesNoDTMF#YesNoDTMF.csv|ok|yes|yes|970
./2014/10October/02/dktoscar21PCI/321-55-10022014-105823025-20141002105943.wav|864AccountNumber_864AccountNumberDTMF_864ConfirmAccountNumber_864ConfirmDOB_864GetDOB_864GetDOBDTMF_864PaymentsYesNo#PaymentMethod_864RFCHMWSE_864RFC_864Universals_864YesNoDTMF#YesNoDTMF.csv|ok|yes|yes|970
./2014/10October/02/dktoscar30PCI/325-172-10022014-130737872-20141002130922.wav|864AccountNumber_864AccountNumberDTMF_864ConfirmAccountNumber_864ConfirmDOB_864GetDOB_864GetDOBDTMF_864PaymentsYesNo#PaymentMethod_864RFCHMWSE_864RFC_864Universals_864YesNoDTMF#YesNoDTMF.csv|ok|yes|yes|970
./2014/10October/01/bshoscar22PCI/305-92-10012014-141107483-20141001141219.wav|864AccountNumber_864AccountNumberDTMF_864ConfirmAccountNumber_864ConfirmDOB_864GetDOB_864GetDOBDTMF_864PaymentsYesNo#PaymentMethod_864RFCHMWSE_864RFC_864Universals_864YesNoDTMF#YesNoDTMF.csv|ok|yes|yes|970
./2014/10October/01/bshoscar22PCI/311-174-10012014-175934932-20141001180108.wav|864AccountNumber_864AccountNumberDTMF_864ConfirmAccountNumber_864ConfirmDOB_864GetDOB_864GetDOBDTMF_864PaymentsYesNo#PaymentMethod_864RFCHMWSE_864RFC_864Universals_864YesNoDTMF#YesNoDTMF.csv|ok|yes|yes|970
./2014/10October/02/dktoscar23PCI/302-153-10022014-164108917-20141002164230.wav|864AccountNumber_864AccountNumberDTMF_864ConfirmAccountNumber_864ConfirmDOB_864GetDOB_864GetDOBDTMF_864PaymentsYesNo#PaymentMethod_864RFCHMWSE_864RFC_864Universals_864YesNoDTMF#YesNoDTMF.csv|ok|yes|yes|970
./2014/10October/04/dktoscar25PCI/302-32-10042014-193552746-20141004193703.wav|864AccountNumber_864AccountNumberDTMF_864ConfirmAccountNumber_864ConfirmDOB_864GetDOB_864GetDOBDTMF_864PaymentsYesNo#PaymentMethod_864RFCHMWSE_864RFC_864Universals_864YesNoDTMF#YesNoDTMF.csv|ok|yes|yes|970
./2014/10October/06/dktoscar30PCI/325-51-10062014-092945110-20141006093058.wav|864AccountNumber_864AccountNumberDTMF_864ConfirmAccountNumber_864ConfirmDOB_864GetDOB_864GetDOBDTMF_864PaymentsYesNo#PaymentMethod_864RFCHMWSE_864RFC_864Universals_864YesNoDTMF#YesNoDTMF.csv|ok|yes|yes|970
./2014/10October/02/dktoscar25PCI/322-165-10022014-162405030-20141002162522.wav|864AccountNumber_864AccountNumberDTMF_864ConfirmAccountNumber_864ConfirmDOB_864GetDOB_864GetDOBDTMF_864PaymentsYesNo#PaymentMethod_864RFCHMWSE_864RFC_864Universals_864YesNoDTMF#YesNoDTMF.csv|ok|yes|yes|970
./2014/10October/03/bshoscar22PCI/308-67-10032014-141906834-20141003142024.wav|864AccountNumber_864AccountNumberDTMF_864ConfirmAccountNumber_864ConfirmDOB_864GetDOB_864GetDOBDTMF_864PaymentsYesNo#PaymentMethod_864RFCHMWSE_864RFC_864Universals_864YesNoDTMF#YesNoDTMF.csv|ok|yes|yes|970
./2014/10October/03/bshoscar23PCI/309-5-10032014-100111422-20141003100228.wav|864AccountNumber_864AccountNumberDTMF_864ConfirmAccountNumber_864ConfirmDOB_864GetDOB_864GetDOBDTMF_864PaymentsYesNo#PaymentMethod_864RFCHMWSE_864RFC_864Universals_864YesNoDTMF#YesNoDTMF.csv|ok|yes|yes|970
./2014/10October/04/dktoscar26PCI/328-28-10042014-084045714-20141004084151.wav|864AccountNumber_864AccountNumberDTMF_864ConfirmAccountNumber_864ConfirmDOB_864GetDOB_864GetDOBDTMF_864PaymentsYesNo#PaymentMethod_864RFCHMWSE_864RFC_864Universals_864YesNoDTMF#YesNoDTMF.csv|ok|yes|yes|970
./2014/10October/01/bshoscar22PCI/310-9-10012014-155156027-20141001155342.wav|864AccountNumber_864AccountNumberDTMF_864ConfirmAccountNumber_864ConfirmDOB_864GetDOB_864GetDOBDTMF_864PaymentsYesNo#PaymentMethod_864RFCHMWSE_864RFC_864Universals_864YesNoDTMF#YesNoDTMF.csv|ok|yes|yes|970
./2014/10October/02/bshoscar29PCI/316-43-10022014-204229121-20141002204351.wav|864AccountNumber_864AccountNumberDTMF_864ConfirmAccountNumber_864ConfirmDOB_864GetDOB_864GetDOBDTMF_864PaymentsYesNo#PaymentMethod_864RFCHMWSE_864RFC_864Universals_864YesNoDTMF#YesNoDTMF.csv|ok|yes|yes|970
./2014/10October/02/bshoscar29PCI/318-33-10022014-161431397-20141002161542.wav|864AccountNumber_864AccountNumberDTMF_864ConfirmAccountNumber_864ConfirmDOB_864GetDOB_864GetDOBDTMF_864PaymentsYesNo#PaymentMethod_864RFCHMWSE_864RFC_864Universals_864YesNoDTMF#YesNoDTMF.csv|ok|yes|yes|970
./2014/10October/03/bshoscar23PCI/305-60-10032014-175921841-20141003180112.wav|864AccountNumber_864AccountNumberDTMF_864ConfirmAccountNumber_864ConfirmDOB_864GetDOB_864GetDOBDTMF_864PaymentsYesNo#PaymentMethod_864RFCHMWSE_864RFC_864Universals_864YesNoDTMF#YesNoDTMF.csv|ok|yes|yes|970
./2014/10October/04/dktoscar24PCI/302-20-10042014-162448888-20141004162604.wav|864AccountNumber_864AccountNumberDTMF_864ConfirmAccountNumber_864ConfirmDOB_864GetDOB_864GetDOBDTMF_864PaymentsYesNo#PaymentMethod_864RFCHMWSE_864RFC_864Universals_864YesNoDTMF#YesNoDTMF.csv|ok|yes|yes|970
./2014/10October/04/dktoscar25PCI/322-130-10042014-165516203-20141004165647.wav|864AccountNumber_864AccountNumberDTMF_864ConfirmAccountNumber_864ConfirmDOB_864GetDOB_864GetDOBDTMF_864PaymentsYesNo#PaymentMethod_864RFCHMWSE_864RFC_864Universals_864YesNoDTMF#YesNoDTMF.csv|ok|yes|yes|970
./2014/10October/01/bshoscar36PCI/317-223-10012014-084200225-20141001084412.wav|864AccountNumber_864AccountNumberDTMF_864ConfirmAccountNumber_864ConfirmDOB_864GetDOB_864GetDOBDTMF_864PaymentsYesNo#PaymentMethod_864RFCHMWSE_864RFC_864Universals_864YesNoDTMF#YesNoDTMF.csv|ok|yes|yes|980
./2014/10October/02/dktoscar27PCI/324-175-10022014-175359047-20141002175557.wav|864AccountNumber_864AccountNumberDTMF_864ConfirmAccountNumber_864ConfirmDOB_864GetDOB_864GetDOBDTMF_864PaymentsYesNo#PaymentMethod_864RFCHMWSE_864RFC_864Universals_864YesNoDTMF#YesNoDTMF.csv|ok|yes|yes|980
./2014/10October/02/dktoscar27PCI/331-185-10022014-165358928-20141002165530.wav|864AccountNumber_864AccountNumberDTMF_864ConfirmAccountNumber_864ConfirmDOB_864GetDOB_864GetDOBDTMF_864PaymentsYesNo#PaymentMethod_864RFCHMWSE_864RFC_864Universals_864YesNoDTMF#YesNoDTMF.csv|ok|yes|yes|980
./2014/10October/02/bshoscar29PCI/314-125-10022014-130507560-20141002130626.wav|864AccountNumber_864AccountNumberDTMF_864ConfirmAccountNumber_864ConfirmDOB_864GetDOB_864GetDOBDTMF_864PaymentsYesNo#PaymentMethod_864RFCHMWSE_864RFC_864Universals_864YesNoDTMF#YesNoDTMF.csv|ok|yes|yes|980
./2014/10October/02/dktoscar23PCI/301-115-10022014-171606960-20141002171744.wav|864AccountNumber_864AccountNumberDTMF_864ConfirmAccountNumber_864ConfirmDOB_864GetDOB_864GetDOBDTMF_864PaymentsYesNo#PaymentMethod_864RFCHMWSE_864RFC_864Universals_864YesNoDTMF#YesNoDTMF.csv|ok|yes|yes|980
./2014/10October/03/bshoscar23PCI/309-82-10032014-184531419-20141003184722.wav|864AccountNumber_864AccountNumberDTMF_864ConfirmAccountNumber_864ConfirmDOB_864GetDOB_864GetDOBDTMF_864PaymentsYesNo#PaymentMethod_864RFCHMWSE_864RFC_864Universals_864YesNoDTMF#YesNoDTMF.csv|ok|yes|yes|980
./2014/10October/04/dktoscar27PCI/328-67-10042014-150546538-20141004150734.wav|864AccountNumber_864AccountNumberDTMF_864ConfirmAccountNumber_864ConfirmDOB_864GetDOB_864GetDOBDTMF_864PaymentsYesNo#PaymentMethod_864RFCHMWSE_864RFC_864Universals_864YesNoDTMF#YesNoDTMF.csv|ok|yes|yes|980
./2014/10October/04/dktoscar30PCI/324-172-10042014-163911491-20141004164037.wav|864AccountNumber_864AccountNumberDTMF_864ConfirmAccountNumber_864ConfirmDOB_864GetDOB_864GetDOBDTMF_864PaymentsYesNo#PaymentMethod_864RFCHMWSE_864RFC_864Universals_864YesNoDTMF#YesNoDTMF.csv|ok|yes|yes|980
./2014/10October/06/dktoscar27PCI/328-111-10062014-145034130-20141006145247.wav|864AccountNumber_864AccountNumberDTMF_864ConfirmAccountNumber_864ConfirmDOB_864GetDOB_864GetDOBDTMF_864PaymentsYesNo#PaymentMethod_864RFCHMWSE_864RFC_864Universals_864YesNoDTMF#YesNoDTMF.csv|ok|yes|yes|980
./2014/10October/01/bshoscar22PCI/311-221-10012014-152024474-20141001152139.wav|864AccountNumber_864AccountNumberDTMF_864ConfirmAccountNumber_864ConfirmDOB_864GetDOB_864GetDOBDTMF_864PaymentsYesNo#PaymentMethod_864RFCHMWSE_864RFC_864Universals_864YesNoDTMF#YesNoDTMF.csv|ok|yes|yes|980
./2014/10October/03/bshoscar23PCI/304-117-10032014-175850047-20141003180011.wav|864AccountNumber_864AccountNumberDTMF_864ConfirmAccountNumber_864ConfirmDOB_864GetDOB_864GetDOBDTMF_864PaymentsYesNo#PaymentMethod_864RFCHMWSE_864RFC_864Universals_864YesNoDTMF#YesNoDTMF.csv|ok|yes|yes|980
./2014/10October/04/dktoscar27PCI/329-211-10042014-111434595-20141004111603.wav|864AccountNumber_864AccountNumberDTMF_864ConfirmAccountNumber_864ConfirmDOB_864GetDOB_864GetDOBDTMF_864PaymentsYesNo#PaymentMethod_864RFCHMWSE_864RFC_864Universals_864YesNoDTMF#YesNoDTMF.csv|ok|yes|yes|980
./2014/10October/09/dktoscar30PCI/328-1-10092014-122554313-20141009122715.wav|864AccountNumber_864AccountNumberDTMF_864ConfirmAccountNumber_864ConfirmDOB_864GetDOB_864GetDOBDTMF_864PaymentsYesNo#PaymentMethod_864RFCHMWSE_864RFC_864Universals_864YesNoDTMF#YesNoDTMF.csv|ok|yes|yes|980
./2014/10October/02/dktoscar21PCI/303-175-10022014-195054143-20141002195255.wav|864AccountNumber_864AccountNumberDTMF_864ConfirmAccountNumber_864ConfirmDOB_864GetDOB_864GetDOBDTMF_864PaymentsYesNo#PaymentMethod_864RFCHMWSE_864RFC_864Universals_864YesNoDTMF#YesNoDTMF.csv|ok|yes|yes|980
./2014/10October/02/dktoscar30PCI/329-195-10022014-155715502-20141002155822.wav|864AccountNumber_864AccountNumberDTMF_864ConfirmAccountNumber_864ConfirmDOB_864GetDOB_864GetDOBDTMF_864PaymentsYesNo#PaymentMethod_864RFCHMWSE_864RFC_864Universals_864YesNoDTMF#YesNoDTMF.csv|ok|yes|yes|980
./2014/10October/04/dktoscar25PCI/321-170-10042014-121151615-20141004121310.wav|864AccountNumber_864AccountNumberDTMF_864ConfirmAccountNumber_864ConfirmDOB_864GetDOB_864GetDOBDTMF_864PaymentsYesNo#PaymentMethod_864RFCHMWSE_864RFC_864Universals_864YesNoDTMF#YesNoDTMF.csv|ok|yes|yes|980
./2014/10October/01/dktoscar28PCI/324-105-10012014-105813738-20141001105929.wav|864AccountNumber_864AccountNumberDTMF_864ConfirmAccountNumber_864ConfirmDOB_864GetDOB_864GetDOBDTMF_864PaymentsYesNo#PaymentMethod_864RFCHMWSE_864RFC_864Universals_864YesNoDTMF#YesNoDTMF.csv|ok|yes|yes|980
./2014/10October/02/dktoscar23PCI/303-238-10022014-143341183-20141002143511.wav|864AccountNumber_864AccountNumberDTMF_864ConfirmAccountNumber_864ConfirmDOB_864GetDOB_864GetDOBDTMF_864PaymentsYesNo#PaymentMethod_864RFCHMWSE_864RFC_864Universals_864YesNoDTMF#YesNoDTMF.csv|ok|yes|yes|980
./2014/10October/02/dktoscar23PCI/303-238-10022014-183833505-20141002184010.wav|864AccountNumber_864AccountNumberDTMF_864ConfirmAccountNumber_864ConfirmDOB_864GetDOB_864GetDOBDTMF_864PaymentsYesNo#PaymentMethod_864RFCHMWSE_864RFC_864Universals_864YesNoDTMF#YesNoDTMF.csv|ok|yes|yes|980
./2014/10October/06/dktoscar26PCI/330-8-10062014-104638110-20141006104755.wav|864AccountNumber_864AccountNumberDTMF_864ConfirmAccountNumber_864ConfirmDOB_864GetDOB_864GetDOBDTMF_864PaymentsYesNo#PaymentMethod_864RFCHMWSE_864RFC_864Universals_864YesNoDTMF#YesNoDTMF.csv|ok|yes|yes|980
./2014/10October/01/bshoscar22PCI/307-74-10012014-201452592-20141001201634.wav|864AccountNumber_864AccountNumberDTMF_864ConfirmAccountNumber_864ConfirmDOB_864GetDOB_864GetDOBDTMF_864PaymentsYesNo#PaymentMethod_864RFCHMWSE_864RFC_864Universals_864YesNoDTMF#YesNoDTMF.csv|ok|yes|yes|980
./2014/10October/02/dktoscar21PCI/323-203-10022014-143717450-20141002143832.wav|864AccountNumber_864AccountNumberDTMF_864ConfirmAccountNumber_864ConfirmDOB_864GetDOB_864GetDOBDTMF_864PaymentsYesNo#PaymentMethod_864RFCHMWSE_864RFC_864Universals_864YesNoDTMF#YesNoDTMF.csv|ok|yes|yes|980
./2014/10October/04/dktoscar24PCI/323-122-10042014-080514738-20141004080736.wav|864AccountNumber_864AccountNumberDTMF_864ConfirmAccountNumber_864ConfirmDOB_864GetDOB_864GetDOBDTMF_864PaymentsYesNo#PaymentMethod_864RFCHMWSE_864RFC_864Universals_864YesNoDTMF#YesNoDTMF.csv|ok|yes|yes|980
./2014/10October/04/dktoscar25PCI/303-176-10042014-163801484-20141004163915.wav|864AccountNumber_864AccountNumberDTMF_864ConfirmAccountNumber_864ConfirmDOB_864GetDOB_864GetDOBDTMF_864PaymentsYesNo#PaymentMethod_864RFCHMWSE_864RFC_864Universals_864YesNoDTMF#YesNoDTMF.csv|ok|yes|yes|980
./2014/10October/04/dktoscar25PCI/322-15-10042014-085531161-20141004085700.wav|864AccountNumber_864AccountNumberDTMF_864ConfirmAccountNumber_864ConfirmDOB_864GetDOB_864GetDOBDTMF_864PaymentsYesNo#PaymentMethod_864RFCHMWSE_864RFC_864Universals_864YesNoDTMF#YesNoDTMF.csv|ok|yes|yes|980
./2014/10October/01/bshoscar23PCI/309-118-10012014-171823835-20141001171941.wav|864AccountNumber_864AccountNumberDTMF_864ConfirmAccountNumber_864ConfirmDOB_864GetDOB_864GetDOBDTMF_864PaymentsYesNo#PaymentMethod_864RFCHMWSE_864RFC_864Universals_864YesNoDTMF#YesNoDTMF.csv|ok|yes|yes|980
./2014/10October/01/dktoscar28PCI/328-213-10012014-113457557-20141001113650.wav|864AccountNumber_864AccountNumberDTMF_864ConfirmAccountNumber_864ConfirmDOB_864GetDOB_864GetDOBDTMF_864PaymentsYesNo#PaymentMethod_864RFCHMWSE_864RFC_864Universals_864YesNoDTMF#YesNoDTMF.csv|ok|yes|yes|980
./2014/10October/01/dktoscar29PCI/331-168-10012014-123039322-20141001123155.wav|864AccountNumber_864AccountNumberDTMF_864ConfirmAccountNumber_864ConfirmDOB_864GetDOB_864GetDOBDTMF_864PaymentsYesNo#PaymentMethod_864RFCHMWSE_864RFC_864Universals_864YesNoDTMF#YesNoDTMF.csv|ok|yes|yes|980
./2014/10October/04/dktoscar30PCI/324-204-10042014-100437539-20141004100557.wav|864AccountNumber_864AccountNumberDTMF_864ConfirmAccountNumber_864ConfirmDOB_864GetDOB_864GetDOBDTMF_864PaymentsYesNo#PaymentMethod_864RFCHMWSE_864RFC_864Universals_864YesNoDTMF#YesNoDTMF.csv|ok|yes|yes|980
./2014/10October/05/dktoscar29PCI/331-165-10052014-114455697-20141005114558.wav|864AccountNumber_864AccountNumberDTMF_864ConfirmAccountNumber_864ConfirmDOB_864GetDOB_864GetDOBDTMF_864PaymentsYesNo#PaymentMethod_864RFCHMWSE_864RFC_864Universals_864YesNoDTMF#YesNoDTMF.csv|ok|yes|yes|980
./2014/10October/01/dktoscar28PCI/331-193-10012014-185454738-20141001185613.wav|864AccountNumber_864AccountNumberDTMF_864ConfirmAccountNumber_864ConfirmDOB_864GetDOB_864GetDOBDTMF_864PaymentsYesNo#PaymentMethod_864RFCHMWSE_864RFC_864Universals_864YesNoDTMF#YesNoDTMF.csv|ok|yes|yes|980
./2014/10October/04/dktoscar26PCI/329-171-10042014-164056239-20141004164214.wav|864AccountNumber_864AccountNumberDTMF_864ConfirmAccountNumber_864ConfirmDOB_864GetDOB_864GetDOBDTMF_864PaymentsYesNo#PaymentMethod_864RFCHMWSE_864RFC_864Universals_864YesNoDTMF#YesNoDTMF.csv|ok|yes|yes|980
./2014/10October/01/bshoscar23PCI/304-222-10012014-163611921-20141001163731.wav|864AccountNumber_864AccountNumberDTMF_864ConfirmAccountNumber_864ConfirmDOB_864GetDOB_864GetDOBDTMF_864PaymentsYesNo#PaymentMethod_864RFCHMWSE_864RFC_864Universals_864YesNoDTMF#YesNoDTMF.csv|ok|yes|yes|990
./2014/10October/02/dktoscar21PCI/322-148-10022014-115014219-20141002115133.wav|864AccountNumber_864AccountNumberDTMF_864ConfirmAccountNumber_864ConfirmDOB_864GetDOB_864GetDOBDTMF_864PaymentsYesNo#PaymentMethod_864RFCHMWSE_864RFC_864Universals_864YesNoDTMF#YesNoDTMF.csv|ok|yes|yes|990
./2014/10October/03/bshoscar22PCI/307-71-10032014-104415887-20141003104534.wav|864AccountNumber_864AccountNumberDTMF_864ConfirmAccountNumber_864ConfirmDOB_864GetDOB_864GetDOBDTMF_864PaymentsYesNo#PaymentMethod_864RFCHMWSE_864RFC_864Universals_864YesNoDTMF#YesNoDTMF.csv|ok|yes|yes|990
./2014/10October/04/dktoscar23PCI/301-115-10042014-175236511-20141004175354.wav|864AccountNumber_864AccountNumberDTMF_864ConfirmAccountNumber_864ConfirmDOB_864GetDOB_864GetDOBDTMF_864PaymentsYesNo#PaymentMethod_864RFCHMWSE_864RFC_864Universals_864YesNoDTMF#YesNoDTMF.csv|ok|yes|yes|990
./2014/10October/04/dktoscar25PCI/321-71-10042014-121659360-20141004121844.wav|864AccountNumber_864AccountNumberDTMF_864ConfirmAccountNumber_864ConfirmDOB_864GetDOB_864GetDOBDTMF_864PaymentsYesNo#PaymentMethod_864RFCHMWSE_864RFC_864Universals_864YesNoDTMF#YesNoDTMF.csv|ok|yes|yes|990
./2014/10October/02/dktoscar23PCI/301-80-10022014-163706375-20141002163845.wav|864AccountNumber_864AccountNumberDTMF_864ConfirmAccountNumber_864ConfirmDOB_864GetDOB_864GetDOBDTMF_864PaymentsYesNo#PaymentMethod_864RFCHMWSE_864RFC_864Universals_864YesNoDTMF#YesNoDTMF.csv|ok|yes|yes|990
./2014/10October/03/bshoscar23PCI/309-136-10032014-144200106-20141003144359.wav|864AccountNumber_864AccountNumberDTMF_864ConfirmAccountNumber_864ConfirmDOB_864GetDOB_864GetDOBDTMF_864PaymentsYesNo#PaymentMethod_864RFCHMWSE_864RFC_864Universals_864YesNoDTMF#YesNoDTMF.csv|ok|yes|yes|990
./2014/10October/03/bshoscar23PCI/305-216-10032014-104243006-20141003104405.wav|864AccountNumber_864AccountNumberDTMF_864ConfirmAccountNumber_864ConfirmDOB_864GetDOB_864GetDOBDTMF_864PaymentsYesNo#PaymentMethod_864RFCHMWSE_864RFC_864Universals_864YesNoDTMF#YesNoDTMF.csv|ok|yes|yes|990
./2014/10October/04/dktoscar25PCI/303-51-10042014-095320539-20141004095433.wav|864AccountNumber_864AccountNumberDTMF_864ConfirmAccountNumber_864ConfirmDOB_864GetDOB_864GetDOBDTMF_864PaymentsYesNo#PaymentMethod_864RFCHMWSE_864RFC_864Universals_864YesNoDTMF#YesNoDTMF.csv|ok|yes|yes|990
